23.11.2020;Pre seed;Social & Communication, Streaming;;StreamHERO;$550K
20.11.2020;Venture;Esports;;BLAST entertainment;$2.20M
17.11.2020;Seed;Agency;;Queens Gaming Collective;$1.50M
16.11.2020;Seed;Mobile, Publishers & Developers;;Lila Games;$2.80M
13.11.2020;Series b;Analytics, Esports, Gamestech;;Statespace;$29.0M
11.11.2020;Venture;Esports;;Fnatic;$10.0M
10.11.2020;Venture;Esports, Gamestech, Social & Communication;;Griffin Gaming Partners;$235M
09.11.2020;Venture;Esports;;Immortals Gaming Club;$26.0M
06.11.2020;Corporate;Analytics, Esports;;EDGE ESPORTS;$1.50M
04.11.2020;Venture;Mobile, Gamestech;;Aptoide;$1.50M
04.11.2020;Venture;Streaming;;Streamloots;$7.20M
04.11.2020;Corporate;Mobile, Publishers & Developers;;Lockwood Publishing;$25.0M
02.11.2020;Pre seed;Publishers & Developers;;Sugar;$2.00M
29.10.2020;Acquisition;Publishers & Developers;;Everguild;$1.37M
28.10.2020;Seed;Streaming, Social & Communication;;Shotcall;$2.20M
28.10.2020;Series e;Publishers & Developers;;Scopely;$340M
26.10.2020;Series b;Esports;;VSPN;$100M
20.10.2020;Seed;Publishers & Developers;;Frost Giant Studios;$4.70M
20.10.2020;Series a;Esports, Streaming;;Gaming 247 (VENN);$26.0M
16.10.2020;Series b;Esports;;EVOS Esports;$12.0M
15.10.2020;Series a;Esports;;Tiltify;$6.50M
14.10.2020;Corporate;Esports;;Esports Mogul;$5.75M
12.10.2020;Seed;Esports;;Talon Esports;$2.00M
07.10.2020;Corporate;Esports;;G-Loot;$56.0M
07.10.2020;Acquisition;Publishers & Developers;;East Side Games;$113M
29.09.2020;Series a;Esports, Analytics;;Pandascore;$6.00M
29.09.2020;Ipo;Esports;;Guild Esports;$27.5M
28.09.2020;Ipo;Hardware, Peripherals;;Corsair Components;$119M
24.09.2020;Corporate;Publishers & Developers;;Manticore Games;$15.0M
22.09.2020;Series c;Mobile, Esports;;Mobile Premier League;$90.0M
21.09.2020;Pre series_a;Esports;;AFK Gaming;$200K
18.09.2020;Ipo;Gamestech;;Unity Software;$1.30B
17.09.2020;Corporate;Esports;;Wisdom Gaming Group;$3.00M
17.09.2020;Corporate;Analytics, Esports;;Bayes Esports Solutions;$6.00M
14.09.2020;Seed;Esports;;Anubis Gaming;$300K
04.09.2020;Venture;Esports;;GamerzClass;$1.00M
02.09.2020;Venture;Esports, Analytics;;EsportsLAB;$1.08M
01.09.2020;Corporate;Esports;;Flamengo eSports;$523K
28.08.2020;Acquisition;Publishers & Developers, Mobile;;Sventertainment;$2.30M
28.08.2020;Series a;Streaming;;Restream;$50.0M
27.08.2020;Acquisition;Agency;;Maverick Media Limited;$47.7M
27.08.2020;Investment fund;Esports;;BITKRAFT Esports Ventures;$165M
26.08.2020;Pre seed;Publishers & Developers, Mobile;;Colossi Games;$650K
26.08.2020;Series a;Publishers & Developers, Gamestech;;Gamezop;$4.30M
26.08.2020;Venture;Esports;;Challengermode;$12.0M
20.08.2020;Seed;Analytics;;Lootcakes;$2.00M
20.08.2020;Seed;Publishers & Developers;;Hiber;$2.25M
20.08.2020;Investment fund;Publishers & Developers;;March Capital Partners;$60.0M
18.08.2020;Acquisition;Mobile, Publishers & Developers;;Playdots;$192M
14.08.2020;Series b;Mobile, Publishers & Developers;;Wildlife Studios;$120M
13.08.2020;Acquisition;PC, Console, Cloud, Publishers & Developers;;Rare Earth Games;$355K
13.08.2020;Acquisition;Publishers & Developers;;Vermila Studios;$1.06M
13.08.2020;Acquisition;Publishers & Developers, PC, Console;;Palindrome Interactive;$2.45M
13.08.2020;Acquisition;Social & Communication;;Sola Media;$2.70M
13.08.2020;Investment fund;Publishers & Developers;;1Up Ventures;$10.0M
13.08.2020;Acquisition;Mobile, Publishers & Developers;;DECA Games;$30.0M
13.08.2020;Acquisition;Publishers & Developers, PC, Console;;4A Games;$36.0M
07.08.2020;Acquisition;Agency;;Omnia Media;$34.1M
06.08.2020;Corporate;Console, Gamestech, Publishers & Developers, Mobile, PC;;Epic Games;$1.78B
05.08.2020;Seed;Publishers & Developers, Mobile;;Big Run Studios;$5.25M
05.08.2020;Acquisition;Publishers & Developers, Mobile;;Rollic Games;$168M
29.07.2020;Seed;AR/VR;;Trinity College Dublin;$1.80M
29.07.2020;Series b;AR/VR, Publishers & Developers;;Polyarc Games;$9.00M
22.07.2020;Series a;Analytics;;Mobalytics;$11.3M
21.07.2020;Seed;Esports;;Mission Control GG;$1.75M
16.07.2020;Seed;Publishers & Developers;;Sorare;$4.00M
16.07.2020;Seed;Mobile, Publishers & Developers;;Carbonated Games;$8.50M
16.07.2020;Series a;Esports;;DRX;$10.0M
13.07.2020;Seed;Publishers & Developers, PC;;Darewise Entertainment;$3.00M
09.07.2020;Series a;Esports;;MCES;$2.80M
09.07.2020;Seed;Agency, Esports;;Athlane;$3.30M
09.07.2020;Venture;Publishers & Developers, Mobile;;Traplight;$9.00M
09.07.2020;Venture;Publishers & Developers, Esports;;JetSynthesys;$39.9M
06.07.2020;Series d;Streaming, Esports;;Caffeine;$113M
03.07.2020;Venture;Mobile, Publishers & Developers;;Animoca Brands;$4.10M
02.07.2020;Seed;Publishers & Developers;;CrazyHub;$500K
02.07.2020;Venture;Publishers & Developers;;ControlZee;$3.00M
02.07.2020;Acquisition;Publishers & Developers;;GAMEE;$4.71M
02.07.2020;Series a;Publishers & Developers;;One More Game;$5.70M
01.07.2020;Convertible loan;Esports;;Nerd Street Gamers;$5.40M
01.07.2020;Series a;AR/VR;;Voicemod;$8.00M
01.07.2020;Corporate;Social & Communication;;Discord;$100M
30.06.2020;Venture;Cloud;;RemoteMyApp;$2.00M
30.06.2020;Series a;Esports;;PlayBrain;$6.00M
26.06.2020;Acquisition;Publishers & Developers;;Coconut Lizard;$2.50M
26.06.2020;Series a;Gamestech;;Admix;$7.00M
25.06.2020;Seed;Streaming;;Replai;$1.35M
25.06.2020;Acquisition;Publishers & Developers, PC;;Deck13 Interactive;$7.90M
24.06.2020;Seed;Publishers & Developers;;Treehouse Games;$2.60M
18.06.2020;Venture;Gamestech;;DMarket;$6.50M
15.06.2020;Seed;Publishers & Developers;;SockMonkey;$315K
15.06.2020;Corporate;Esports;;ONE Championship;$70.0M
11.06.2020;Venture;Betting;;Luckbox;$2.23M
11.06.2020;Series a;Cloud;;Playable Worlds;$10.0M
09.06.2020;Corporate;Esports, Streaming;;BoomTV;$10.0M
09.06.2020;Angel;Mobile, Publishers & Developers;;Whatifi;$10.0M
01.06.2020;Seed;Gamestech;;LootLocker;$250K
28.05.2020;Seed;Mobile;;Carry1st;$2.50M
28.05.2020;Seed;AR/VR;;Poplar;$2.60M
26.05.2020;Corporate;Publishers & Developers;;Marvelous;$66.3M
25.05.2020;Series a;Esports, Analytics;;Statespace;$15.0M
23.05.2020;Venture;Cloud;;Gamestream;$4.00M
21.05.2020;Corporate;Esports;;Vodafone Giants;$3.30M
14.05.2020;Seed;Esports, Analytics;;Leetify;$972K
14.05.2020;Corporate;Esports;;BLAST entertainment;$13.5M
13.05.2020;Venture;AR/VR;;Maze Theory;$1.80M
12.05.2020;Series a;Cloud;;Parsec;$7.00M
12.05.2020;Series b;Betting, Esports;;Blitz Studios;$20.0M
08.05.2020;Venture;Mobile, Publishers & Developers;;Rogue Games;$2.00M
07.05.2020;Venture;Betting, Analytics;;QL Gaming;$1.10M
05.05.2020;Venture;Mobile, Publishers & Developers;;Dazzle Rocks;$6.80M
04.05.2020;Venture;Analytics, Gamestech;;Sensor Tower;$45.0M
01.05.2020;Acquisition;PC, Console, Mobile;;Goodbye Kansas;$5.70M
01.05.2020;Corporate;Publishers & Developers, Mobile;;My.Games Hyper-casual fund;$10.0M
30.04.2020;Venture;Agency, Esports;;META;$1.09M
30.04.2020;Series a;Social & Communication;;Guilded;$7.00M
30.04.2020;Series b;AR/VR;;Mojo Vision;$51.0M
28.04.2020;Acquisition;Mobile, Publishers & Developers, PC;;Jagex;$530M
27.04.2020;Venture;Esports;;Raven;$1.40M
24.04.2020;Corporate;Publishers & Developers;;Adept Games;$5.50M
24.04.2020;Corporate;Publishers & Developers;;AuthorDigital;$5.50M
23.04.2020;Venture;Publishers & Developers, Mobile;;1939 Games;$1.90M
23.04.2020;Venture;Publishers & Developers;;Reworks;$4.70M
23.04.2020;Venture;Social & Communication;;Opera Event;$5.00M
23.04.2020;Acquisition;Publishers & Developers, Mobile;;Candywriter;$74.0M
22.04.2020;Corporate;Gamestech;;Reliance Jio;$5.70B
20.04.2020;Seed;Cloud, AR/VR;;Arti;$4.00M
17.04.2020;Series a;Esports, Streaming;;FaZe Clan;$40.0M
16.04.2020;Venture;Mobile, Publishers & Developers;;Superplus Games;$4.70M
15.04.2020;Convertible loan;Publishers & Developers, Mobile;;Nitro Games;$2.00M
15.04.2020;Venture;Mobile, Publishers & Developers;;Nitro Games;$2.50M
15.04.2020;Series a;Publishers & Developers, Mobile;;Nifty Games;$12.0M
14.04.2020;Venture;Publishers & Developers;;Breaking Walls;$1.75M
14.04.2020;Venture;Social & Communication;;Unrd;$2.50M
09.04.2020;Venture;Streaming, Esports;;BiliBili;$400M
08.04.2020;Seed;Publishers & Developers;;Vela Games;$3.10M
08.04.2020;Corporate;Gamestech;;N3twork Scale Platform;$50.0M
08.04.2020;Post ipo_equity;Publishers & Developers;;Embracer Group;$164M
06.04.2020;Seed;Publishers & Developers;;StarBerry Games;$1.40M
03.04.2020;Venture;Esports, Streaming;;Huya;$263M
01.04.2020;Seed;Mobile, Publishers & Developers;;Lightheart Entertainment;$1.40M
01.04.2020;Corporate;Gamestech;;Subspace;$26.0M
31.03.2020;Series a;Streaming;;Phenix;$7.55M
30.03.2020;Venture;Analytics;;Anybrain;$1.00M
27.03.2020;Seed;Esports;;Rally Cry;$1.20M
26.03.2020;Seed;Esports, Mobile;;Tribe Gaming;$1.00M
24.03.2020;Seed;Publishers & Developers, Mobile;;Big Run Studios;$1.40M
23.03.2020;Acquisition;Publishers & Developers;;Mages;$15.0M
23.03.2020;Venture;Publishers & Developers;;Cloud Imperium Games;$17.3M
19.03.2020;Venture;Mobile, PC, Publishers & Developers;;The Sandbox;$2.01M
19.03.2020;Seed;Publishers & Developers, Mobile;;Robin Games;$7.00M
19.03.2020;Venture;Cloud, Publishers & Developers;;Mainframe Industries;$8.30M
19.03.2020;Series d;Publishers & Developers, Mobile;;Scopely;$200M
18.03.2020;Seed;Esports;;Simplicity Esports and Gaming;$500K
17.03.2020;Series b;Streaming, Esports;;Genvid Technologies;$6.00M
16.03.2020;Seed;Publishers & Developers, Mobile;;Bazooka Tango;$2.50M
12.03.2020;Venture;Publishers & Developers;;Lince Works;$3.40M
12.03.2020;Seed;Gamestech;;Pragma;$4.20M
10.03.2020;Seed;Gamestech;;Mod.io;$1.00M
05.03.2020;Venture;Physical Gaming Location, Esports;;VERITAS Entertainment;$10.0M
04.03.2020;Seed;Esports;;Esports Players League;$1.00M
03.03.2020;Series a;Publishers & Developers;;Flavourworks;$659K
03.03.2020;Seed;Mobile, Publishers & Developers;;Labworks;$659K
03.03.2020;Venture;Gamestech;;Sonatic;$2.74M
03.03.2020;Convertible loan;Social & Communication;;GameOn Technology;$10.5M
02.03.2020;Pre seed;Mobile, Publishers & Developers;;Potato Play;$500K
28.02.2020;Seed;Publishers & Developers, Gamestech;;Endgame Interactive;$3.00M
28.02.2020;Acquisition;Analytics, Esports;;HLTV.org;$37.9M
26.02.2020;Venture;Publishers & Developers;;FunCraft;$1.80M
26.02.2020;Venture;Esports;;Minute Media;$40.0M
26.02.2020;Series f;Gamestech;;Roblox;$150M
21.02.2020;Venture;Esports;;Tempo Storm;$3.30M
19.02.2020;Acquisition;Publishers & Developers;;Saber Interactive;$525M
14.02.2020;Venture;Mobile, Publishers & Developers;;Tamatem;$3.50M
12.02.2020;Pre seed;Esports;;Juked.gg;$800K
12.02.2020;Seed;Publishers & Developers, Mobile;;Double Loop Games;$2.50M
12.02.2020;Venture;Publishers & Developers;;Bit Fry Games Studio;$3.50M
10.02.2020;Venture;Esports;;Hearo.live (dba of PiQPiQ Inc.);$1.80M
10.02.2020;Series b;Gamestech;;RealNetworks;$10.0M
10.02.2020;Acquisition;Console, Publishers & Developers;;Insomniac Games;$230M
05.02.2020;Seed;Gamestech;;Modl.ai;$1.70M
05.02.2020;Venture;Publishers & Developers;;Elodie Games;$5.00M
03.02.2020;Corporate;Publishers & Developers, Mobile;;Wild Games;$1.10M
03.02.2020;Convertible loan;Esports, Streaming;;FaZe Clan;$22.7M
29.01.2020;Series a;Mobile, Esports;;Ego Nino Games;$3.30M
29.01.2020;Seed;Mobile, Gamestech;;Coda;$4.00M
28.01.2020;Seed;Esports;;GLG Gaming Inc. (ProGuides);$5.00M
28.01.2020;Venture;PC, Gamestech;;Chrono.gg;$5.50M
28.01.2020;Series a;Publishers & Developers, PC;;ArtCraft Entertainment;$11.7M
24.01.2020;Acquisition;Publishers & Developers, PC;;Changyou;$579M
22.01.2020;Corporate;Publishers & Developers;;Starbreeze;$21.1M
22.01.2020;Acquisition;Publishers & Developers;;Funcom;$148M
21.01.2020;Series d;Analytics;;Appsflyer;$210M
21.01.2020;Acquisition;Mobile, Publishers & Developers;;Storm8;$300M
16.01.2020;Seed;Esports, Social & Communication;;GamerJi;$400K
16.01.2020;Venture;Esports;;Allied Esports Entertainment;$5.00M
10.01.2020;Seed;Esports, Betting;;Midnite;$2.50M
09.01.2020;Seed;Streaming, Esports;;Rheo.TV;$2.00M
09.01.2020;Venture;Esports;;LGDA;$11.6M
06.01.2020;Acquisition;Mobile, Publishers & Developers;;Ilyon Games;$100M
02.01.2020;Acquisition;Publishers & Developers;;Yippee Entertainment;$1.85M
22.12.2019;Acquisition;Esports;;ATU Esports Growth Fund;$17.0M
20.12.2019;Acquisition;Publishers & Developers;;Tarsier Studios;$10.5M
19.12.2019;Series b;Esports, Social & Communication;;GOSU.AI;$2.80M
19.12.2019;Acquisition;Cloud;;PlayGiga;$78.0M
18.12.2019;Acquisition;Streaming;;Cineplex;$2.10B
17.12.2019;Acquisition;Gamestech;;Syllabes;$400K
17.12.2019;Acquisition;Gamestech;;Ichi;$4.20M
17.12.2019;Acquisition;Gamestech;;Kantan;$7.80M
15.12.2019;Acquisition;Publishers & Developers;;nWay;$7.69M
12.12.2019;Series a;Esports;;Game.tv;$25.0M
11.12.2019;Venture;Esports;;Esports Mogul;$2.71M
10.12.2019;Venture;Esports;;G2 Esports;$10.0M
09.12.2019;Seed;Social & Communication, Esports;;PatronGG;$1.00M
05.12.2019;Series a;Publishers & Developers, Mobile;;Wildlife Studios;$60.0M
04.12.2019;Venture;AR/VR;;XR Games;$1.97M
02.12.2019;Seed;Cloud;;Area28;$2.15M
02.12.2019;Series b;Streaming, Esports;;Genvid Technologies;$27.0M
28.11.2019;Acquisition;Publishers & Developers;;Slightly Mad Studios;$30.0M
27.11.2019;Acquisition;Publishers & Developers;;Sold Out;$20.6M
26.11.2019;Corporate;Publishers & Developers;;Bossa Studios;$30.0M
25.11.2019;Series a;Cloud;;Airconsole;$3.00M
22.11.2019;Incorporation;Esports;;MSF.IO;$10.0M
21.11.2019;Seed;Social & Communication, Mobile;;Bunch Live;$3.80M
21.11.2019;Series c;Gamestech;;N3twork;$40.0M
20.11.2019;Venture;Gamestech;;Mythical Games;$19.0M
19.11.2019;Angel;PC, Publishers & Developers;;Ganymede Games;$550K
19.11.2019;Series a;Streaming;;LIV;$2.60M
19.11.2019;Seed;Publishers & Developers, Mobile;;Dream Games;$7.50M
19.11.2019;Series c;Publishers & Developers, PC;;Proletariat;$20.0M
18.11.2019;Series a;Esports;;EVOS Esports;$1.40M
17.11.2019;Incorporation;Esports;;OneTeam Partners;$125M
15.11.2019;Series a;Analytics, Esports;;FanAI;$8.00M
14.11.2019;Corporate;Publishers & Developers;;Misc Games;$117K
13.11.2019;Incorporation;Esports;;Artist e-Sports Edge I;$135M
11.11.2019;Series a;Gamestech;;Flavourworks;$3.90M
07.11.2019;Pre seed;Esports;;Team Vitality;$15.5M
06.11.2019;Acquisition;Publishers & Developers, PC;;Dimfrost Studios;$1.40M
06.11.2019;Pre seed;Publishers & Developers, Mobile;;Super Evil Megacorp;$10.5M
01.11.2019;Series a;Esports;;Mainline;$6.80M
30.10.2019;Series a;Esports;;Vindex;$60.0M
29.10.2019;Venture;Cloud;;Shadow;$33.0M
29.10.2019;Series d;Publishers & Developers, Mobile;;Scopely;$200M
23.10.2019;Venture;Publishers & Developers, Mobile;;Halti SA;$40.0M
23.10.2019;Acquisition;Mobile, Publishers & Developers;;Supercell;$40.0M
22.10.2019;Series a;Esports, Social & Communication;;nicecactus.gg;$5.50M
22.10.2019;Series a;AR/VR;;Sandbox VR;$11.0M
21.10.2019;Venture;Esports;;SK telecom CS T1 Co. (T1 Entertainment and Sports);$41.0M
18.10.2019;Series a;Publishers & Developers, Mobile;;MadBox;$16.5M
16.10.2019;Seed;Gamestech;;Atomontage;$2.00M
15.10.2019;Series a;Esports;;Victory Five;$14.2M
14.10.2019;Investment fund;Esports, Publishers & Developers, Gamestech;;Hiro Capital I;$110M
14.10.2019;Acquisition;Publishers & Developers;;Catalis Group;$114M
11.10.2019;Venture;Streaming;;Easy Live Inc.;$2.50M
10.10.2019;Seed;Esports, Publishers & Developers, Mobile;;META Games;$2.00M
10.10.2019;Series a;Esports;;Nerd Street Gamers;$12.0M
09.10.2019;Seed;Esports;;Five Vectors;$1.00M
09.10.2019;Seed;Publishers & Developers;;Utopos;$1.00M
09.10.2019;Series a;Console, Publishers & Developers, PC;;ProbablyMonsters;$18.8M
07.10.2019;Seed;Publishers & Developers, Mobile;;Tenacious Entertainment;$3.30M
04.10.2019;Series d;Publishers & Developers, Mobile;;IronSource;$400M
03.10.2019;Seed;PC, Publishers & Developers;;Playable World;$2.70M
01.10.2019;Venture;Esports;;Legionfarm Group;$1.50M
26.09.2019;Series a;Esports;;New Meta Entertainment;$30.0M
26.09.2019;Acquisition;Streaming;;Streamlabs;$89.0M
26.09.2019;Acquisition;Streaming;;Stream Labs;$118M
24.09.2019;Series a;Publishers & Developers;;Immutable;$15.0M
23.09.2019;Series b;Publishers & Developers;;Manticore Games;$3.00M
19.09.2019;Seed;Publishers & Developers;;Playfull;$2.00M
19.09.2019;Seed;Esports;;XY Gaming;$2.50M
18.09.2019;Series c;Esports;;PlayVS;$50.0M
17.09.2019;Seed;Publishers & Developers;;Starform;$1.25M
17.09.2019;Seed;Esports, Streaming;;Gaming 247 (VENN);$17.0M
17.09.2019;Seed;Streaming, Esports;;VENN;$17.0M
13.09.2019;Series a;Publishers & Developers;;BetaDwarf;$6.60M
12.09.2019;Series a;Gamestech;;Dapper Labs;$11.0M
09.09.2019;Series a;Publishers & Developers, Mobile;;Drivetime;$11.0M
06.09.2019;Series a;Streaming;;Medal.tv;$9.00M
06.09.2019;Series c;AR/VR;;VRChat;$10.0M
05.09.2019;Seed;Publishers & Developers, Mobile;;Dapp.com;$1.00M
02.09.2019;Seed;Esports;;Team Flash;$1.50M
02.09.2019;Corporate;Esports;;ESL;$30.0M
29.08.2019;Seed;Mobile, AR/VR;;Cerberus Interactive;$1.75M
29.08.2019;Series a;Publishers & Developers, Mobile;;Knock Knock;$4.00M
28.08.2019;Debenture;Betting, Esports, Analytics, Publishers & Developers;;Engine Media;$5.34M
27.08.2019;Series a;Esports, Mobile;;The Ready Games;$5.00M
23.08.2019;Acquisition;Peripherals;;Allinsports;$6.25M
22.08.2019;Acquisition;Social & Communication;;Sportskeeda;$534M
19.08.2019;Venture;Esports;;Still8;$4.50M
15.08.2019;Series b;Publishers & Developers, PC;;Klang Games;$22.3M
13.08.2019;Series a;PC, Publishers & Developers;;Singularity 6;$16.5M
09.08.2019;Venture;Esports;;Allied Esports Entertainment;$3.00M
09.08.2019;Venture;Esports;;Allied Esports Entertainment;$5.00M
08.08.2019;Acquisition;Publishers & Developers, Mobile;;Quidd;$5.00M
06.08.2019;Series a;Esports;;Matcherino;$1.50M
06.08.2019;Series a;Gamestech;;Anzu;$6.50M
25.07.2019;Seed;Esports;;Strafe;$3.00M
25.07.2019;Corporate;Mobile, Publishers & Developers;;Mino Games;$30.0M
23.07.2019;Seed;Publishers & Developers;;Doppio;$1.10M
17.07.2019;Seed;Publishers & Developers, PC, Mobile;;Horizon Blockchain Games;$3.75M
17.07.2019;Ipo;Streaming, Esports;;Douyu;$775M
16.07.2019;Seed;Mobile, Publishers & Developers;;Pixion Games;$2.00M
16.07.2019;Series b;Streaming, Esports;;100 Thieves;$35.0M
15.07.2019;Seed;Streaming, AR/VR, Publishers & Developers;;Surrogate;$2.00M
15.07.2019;Acquisition;Hardware;;GAME;$64.8M
10.07.2019;Seed;PC, Console, Mobile, Publishers & Developers;;Vela Games;$4.00M
09.07.2019;Seed;Mobile, Publishers & Developers;;Million Victories;$1.40M
01.07.2019;Venture;PC, Publishers & Developers;;Redhill Games;$11.4M
27.06.2019;Corporate;Mobile, Publishers & Developers;;CookApps;$20.0M
25.06.2019;Post ipo_equity;Publishers & Developers;;Gumi;$1.70M
24.06.2019;Seed;AR/VR, Physical Gaming Location, Esports;;smartVR;$1.50M
18.06.2019;Acquisition;Social & Communication;;Bebo;$25.0M
11.06.2019;Venture;Publishers & Developers, PC;;Novaquark;$11.2M
10.06.2019;Acquisition;Streaming, Esports;;Framerate;$2.50M
07.06.2019;Acquisition;Esports;;Infinite Esports & Entertainment;$40.0M
03.06.2019;Acquisition;Mobile, PC, Publishers & Developers;;Kixeye;$90.0M
31.05.2019;Seed;Esports, Analytics;;Statespace;$2.50M
29.05.2019;Seed;Esports;;MCES;$2.00M
28.05.2019;Seed;Esports;;MateCrate;$1.57M
22.05.2019;Post ipo_equity;Publishers & Developers;;Animoca Brands;$2.50M
20.05.2019;Series a;AR/VR;;Tyffon;$7.80M
20.05.2019;Acquisition;Esports;;Fandroid Entertainment;$24.6M
08.05.2019;Corporate;Mobile, Publishers & Developers;;Luau Games;$3.80M
02.05.2019;Seed;Mobile;;GameClub;$2.50M
01.05.2019;Venture;Esports;;Immortals Gaming Club;$30.0M
30.04.2019;Venture;Peripherals, Esports;;Fnatic;$19.0M
26.04.2019;Corporate;AR/VR, Mobile;;Magic Leap;$280M
23.04.2019;Acquisition;Publishers & Developers, Mobile;;Wizcorp;$1.10M
23.04.2019;Seed;Gamestech;;GoMeta;$6.00M
18.04.2019;Venture;Esports;;aXiomatic Gaming;$21.5M
17.04.2019;Venture;Esports;;Gen.G Esports;$46.0M
15.04.2019;Seed;Mobile, Gamestech;;Game of Whales;$2.00M
15.04.2019;Acquisition;Streaming;;Magisto;$200M
15.04.2019;Corporate;Console, Mobile, PC;;Apple Arcade;$500M
12.04.2019;Acquisition;Publishers & Developers, Mobile;;Skytree;$850K
30.03.2019;Venture;PC, Publishers & Developers;;Cloud Imperium Games;$17.3M
28.03.2019;Seed;Gamestech;;Play Ventures;$3.00M
27.03.2019;Seed;Social & Communication;;Wormhole Labs;$8.00M
22.03.2019;Venture;Esports;;Aquilini GameCo;$18.7M
21.03.2019;Seed;Mobile, Publishers & Developers;;Dorian;$2.00M
21.03.2019;Series a;Publishers & Developers, AR/VR;;Warducks;$3.80M
15.03.2019;Acquisition;Peripherals;;Roccat;$19.2M
13.03.2019;Seed;AR/VR, Mobile;;Jump Holdings;$1.00M
11.03.2019;Venture;Publishers & Developers, Mobile;;5th Planet Games;$4.85M
07.03.2019;Venture;Cloud;;Hadean;$9.20M
06.03.2019;Seed;Mobile, Publishers & Developers;;Rogue Games;$1.25M
06.03.2019;Series c;Esports;;GamersOrigin;$3.40M
06.03.2019;Series a;Esports;;EVOS Esports;$3.80M
04.03.2019;Pre seed;Publishers & Developers, Mobile;;Reworks;$1.50M
04.03.2019;Venture;Esports;;G-Loot;$24.7M
27.02.2019;Seed;Esports;;PlayBrain;$1.90M
26.02.2019;Series c;Esports;;G2 Esports;$17.3M
26.02.2019;Ipo;Esports;;Super League Gaming;$24.9M
21.02.2019;Series b;Betting, Esports;;The Action Network;$17.5M
21.02.2019;Post ipo_equity;Publishers & Developers;;THQ Nordic;$225M
21.02.2019;Post ipo_equity;Publishers & Developers;;Sea Group;$1.35B
19.02.2019;Seed;Publishers & Developers, Mobile;;Tonk Tonk Games;$2.00M
15.02.2019;Acquisition;Console, Publishers & Developers, PC;;Warhorse Studios;$37.6M
14.02.2019;Pre seed;Analytics, Esports;;Cavea;$226K
13.02.2019;Acquisition;Publishers & Developers;;18POINT2;$2.10M
12.02.2019;Seed;Publishers & Developers, AR/VR;;Dark Slope;$1.50M
08.02.2019;Pre seed;Social & Communication;;Gamefuly;$175K
08.02.2019;Series a;Esports;;Nerd Street Gamers;$2.60M
06.02.2019;Series a;Mobile, Esports;;Flashbreak;$2.00M
06.02.2019;Series a;Publishers & Developers, Mobile;;Sviper;$2.80M
31.01.2019;Seed;Esports;;Strafe;$538K
24.01.2019;Series a;Streaming;;Streamelements;$11.3M
23.01.2019;Seed;Gamestech;;Gameye;$1.60M
23.01.2019;Seed;Gamestech;;Network Next;$4.40M
19.01.2019;Acquisition;Mobile, AR/VR;;Osmo;$120M
16.01.2019;Series a;Esports;;ReKTGlobal;$10.8M
16.01.2019;Venture;Mobile, Publishers & Developers;;Jam City;$145M
14.01.2019;Venture;Esports;;Overactive Media Group;$22.0M
10.01.2019;Grant;AR/VR, Esports;;Weavr Consortium;$5.00M
09.01.2019;Corporate;Publishers & Developers, PC, Console;;Fatshark;$56.0M
04.01.2019;Series a;Esports;;Team Envy;$20.0M
03.01.2019;Corporate;Publishers & Developers, Mobile, PC;;Second Dinner Studios;$30.0M
03.01.2019;Series c;AR/VR;;Niantic Labs;$245M
02.01.2019;Corporate;Publishers & Developers;;Double Jump.Tokyo;$1.90M
21.12.2018;Acquisition;Gamestech;;Sunny Side Up;$4.30M
21.12.2018;Series f;Social & Communication;;Discord;$150M
20.12.2018;Venture;PC, Publishers & Developers;;Cloud Imperium Games;$46.0M
20.12.2018;Merger;Esports;;Allied Esports Entertainment;$214M
20.12.2018;Acquisition;Mobile, Publishers & Developers;;Small Giant Games;$560M
19.12.2018;Series a;Gamestech, Streaming, Esports;;Popdog;$9.00M
17.12.2018;Corporate;Publishers & Developers, PC, Mobile;;Star Stable Entertainment;$11.0M
12.12.2018;Seed;Analytics, Esports;;NOVOS;$750K
11.12.2018;Acquisition;PC, Publishers & Developers, Mobile;;Playa Games;$23.5M
05.12.2018;Series a;Esports;;Matcherino;$2.70M
04.12.2018;Series a;AR/VR;;Nomadic;$10.0M
03.12.2018;Acquisition;Mobile, Publishers & Developers;;Wooga;$100M
30.11.2018;Seed;Esports;;Roundhill Financial;$350K
27.11.2018;Seed;Publishers & Developers, Console, Mobile;;Nifty Games;$3.00M
26.11.2018;Seed;Esports;;Mettlestate;$570K
25.11.2018;Venture;Esports;;Team Vitality;$22.7M
21.11.2018;Acquisition;Social & Communication, Mobile;;Spring Mobile;$700M
19.11.2018;Equity crowdfunding;Esports;;Order Esports;$360K
16.11.2018;Series a;Mobile, Console, Publishers & Developers, PC;;Mythical Games;$16.0M
15.11.2018;Seed;Streaming;;Streamloots;$560K
15.11.2018;Seed;Social & Communication, Publishers & Developers, Mobile;;Bunch Live;$3.80M
15.11.2018;Corporate;Publishers & Developers, Mobile;;Everywear Games;$5.60M
14.11.2018;Acquisition;Publishers & Developers;;Coffee Stain Studios;$34.9M
13.11.2018;Venture;Esports;;RFRSH Entertainment;$12.0M
13.11.2018;Ico;Social & Communication;;OPSkins;$41.0M
09.11.2018;Venture;Esports;;BLAST entertainment;$10.0M
09.11.2018;Series b;Esports;;PlayVS;$30.5M
08.11.2018;Seed;Publishers & Developers, AR/VR;;BigBox VR;$5.00M
06.11.2018;Angel;Esports;;Malaysian Digital Economy for eSports;$3.30M
06.11.2018;Series b;Analytics, Social & Communication;;Overwolf;$16.0M
30.10.2018;Series a;AR/VR;;Onedome;$3.30M
29.10.2018;Series c;Esports;;aXiomatic Gaming;$26.0M
29.10.2018;Venture;Esports;;aXiomatic Gaming;$26.0M
26.10.2018;Pre seed;Esports;;Strymer;$25.0K
26.10.2018;Venture;Esports;;Dignitas;$3.00M
26.10.2018;Venture;Mobile, Gamestech, Publishers & Developers, PC, Console;;Epic Games;$1.25B
23.10.2018;Venture;AR/VR;;Resolution Games;$7.50M
23.10.2018;Series a;Streaming, Esports;;100 Thieves;$25.0M
17.10.2018;Series a;Esports;;Fighting Esports Group;$15.0M
16.10.2018;Seed;Esports, Social & Communication;;Playerbase;$38.0K
15.10.2018;Series b;Streaming, Esports;;Cloud9;$50.0M
12.10.2018;Series a;Esports;;QG;$14.4M
10.10.2018;Venture;Esports;;Overactive Media Group;$21.5M
04.10.2018;Venture;Mobile;;TinyBytes;$1.40M
03.10.2018;Venture;Streaming, Esports;;BiliBili;$317M
28.09.2018;Acquisition;Esports;;ESL;$16.5M
21.09.2018;Acquisition;PC, Publishers & Developers;;Imperial Online;$11.7M
20.09.2018;Venture;Esports;;ReadyUp;$2.00M
20.09.2018;Seed;Social & Communication, Esports;;Dream Team Gaming;$5.00M
20.09.2018;Ipo;Esports;;Eventbrite;$2.80B
13.09.2018;Seed;Publishers & Developers;;Singularity 6;$2.50M
13.09.2018;Venture;Gamestech, Publishers & Developers;;Cocos-BCX;$40.0M
06.09.2018;Seed;Publishers & Developers;;1939 Games;$2.30M
06.09.2018;Acquisition;Publishers & Developers;;CCP;$425M
05.09.2018;Venture;PC, Mobile, Publishers & Developers;;Roblox Corporation;$150M
27.08.2018;Acquisition;Mobile, Publishers & Developers;;Pixowl;$5.00M
20.08.2018;Venture;Esports, Streaming;;Genvid Technologies;$10.0M
20.08.2018;Acquisition;PC, Publishers & Developers;;Studio Gobo;$33.3M
18.08.2018;Pre seed;Esports;;MateCrate;$970K
15.08.2018;Corporate;Publishers & Developers;;Animoca Brands;$1.08M
15.08.2018;Series a;Publishers & Developers;;Raw Fury;$5.50M
14.08.2018;Series a;Analytics, Esports;;Visor;$4.70M
14.08.2018;Corporate;Mobile;;Gamepind;$16.0M
01.08.2018;Seed;Esports;;Winstrike;$1.50M
01.08.2018;Seed;Esports;;Upcomer;$2.05M
27.07.2018;Corporate;Publishers & Developers, Mobile;;Improbable;$50.0M
24.07.2018;Seed;Social & Communication, Mobile, Publishers & Developers;;Knock Knock;$2.00M
24.07.2018;Series a;Esports;;Swift;$37.0M
24.07.2018;Venture;Esports;;Team SoloMid;$37.0M
23.07.2018;Acquisition;Gamestech, Analytics;;Yokozuna Data;$1.50M
19.07.2018;Acquisition;Publishers & Developers;;Skymoons;$190M
18.07.2018;Seed;Mobile, PC, Publishers & Developers;;FRVR;$3.00M
17.07.2018;Corporate;Gamestech, Analytics, Mobile;;AppLovin;$400M
16.07.2018;Series a;Publishers & Developers;;Klang Games;$8.95M
11.07.2018;Venture;Esports;;Nerd Street Gamers;$1.30M
11.07.2018;Venture;AR/VR, Publishers & Developers;;Penrose Studios;$10.0M
28.06.2018;Seed;Streaming, Esports, Betting;;Taunt;$3.00M
28.06.2018;Series b;Publishers & Developers, Mobile;;Oh BiBi;$21.0M
25.06.2018;Venture;Esports;;MAD Lions E.C.;$2.60M
25.06.2018;Venture;Esports;;Splyce;$2.60M
19.06.2018;Grant;Publishers & Developers, Mobile;;Critical Force;$6.30M
18.06.2018;Venture;Esports;;Esports Mogul;$3.28M
15.06.2018;Corporate;Publishers & Developers;;Bluehole Studio;$500M
14.06.2018;Venture;Esports;;GAMURS Group;$2.20M
14.06.2018;Post ipo_equity;Publishers & Developers;;THQ Nordic;$168M
13.06.2018;Grant;Esports;;Ubique Networks;$500K
07.06.2018;Corporate;Mobile, Publishers & Developers;;Redemption Games;$5.00M
05.06.2018;Acquisition;Publishers & Developers;;Harebrained Schemes;$7.50M
05.06.2018;Grant;Publishers & Developers;;Keywords Studios;$120M
04.06.2018;Series a;Esports;;PlayVS;$15.5M
01.06.2018;Corporate;Publishers & Developers, Console, PC;;Bungie;$100M
30.05.2018;Acquisition;Publishers & Developers, Console, PC;;Avalanche Studios;$103M
30.05.2018;Acquisition;Mobile, Publishers & Developers;;Gram Games;$250M
29.05.2018;Venture;Publishers & Developers, Mobile;;Voodoo;$200M
18.05.2018;Venture;Publishers & Developers, Mobile, Esports;;Gamelynx;$1.20M
17.05.2018;Venture;Publishers & Developers;;MyDFS;$1.00M
16.05.2018;Series a;Social & Communication, Mobile, Publishers & Developers;;Teatime Games;$9.00M
15.05.2018;Seed;Social & Communication, Esports;;Quarterback;$2.50M
15.05.2018;Series f;Esports;;Minute Media;$17.0M
15.05.2018;Corporate;PC, Publishers & Developers, Mobile;;Star Stable Entertainment;$18.0M
14.05.2018;Acquisition;Publishers & Developers, PC, Console;;Cyanide Studio;$24.0M
11.05.2018;Grant;Streaming;;Streamloots;$200K
11.05.2018;Ipo;Streaming, Esports;;Huya;$180M
07.05.2018;Seed;Mobile, Gamestech;;Playfull;$1.00M
04.05.2018;Seed;Esports;;Edward Gaming;$15.7M
25.04.2018;Seed;Publishers & Developers;;Henchman & Goon;$400K
24.04.2018;Venture;Esports;;MAD Lions E.C.;$1.50M
23.04.2018;Seed;Esports, Analytics;;Learn 2 Play (L2P);$1.10M
23.04.2018;Acquisition;Gamestech;;MOL Global;$61.0M
19.04.2018;Venture;Social & Communication;;Discord;$50.0M
17.04.2018;Venture;Mobile;;AppOnBoard;$15.0M
11.04.2018;Series b;Esports;;aXiomatic Gaming;$25.0M
05.04.2018;Corporate;Publishers & Developers;;Big Hit Entertainment;$190M
04.04.2018;Acquisition;Social & Communication;;Newbay Media;$13.8M
03.04.2018;Series a;Streaming, Esports;;Genvid Technologies;$6.00M
03.04.2018;Corporate;Publishers & Developers;;Kakao Games;$9.42M
29.03.2018;Corporate;Publishers & Developers;;Raw Fury;$125K
29.03.2018;Ipo;AR/VR;;StarVR;$16.4M
26.03.2018;Ipo;Publishers & Developers;;Team17;$284M
21.03.2018;Venture;Analytics, Esports;;Gosu.ai;$1.90M
21.03.2018;Ico;Streaming;;Play2Live;$30.0M
